"","zebrafish","Motif","HomoloGene.ID","chicken","human","mouse"
"1","adnp2a",,117472,,,
"2","adnpb",,7617,"ADNP","ADNP","Adnp"
"3","aebp1",,,,,
"4","aebp2",,40690,"AEBP2","AEBP2","Aebp2"
"5","ahctf1",,,,,
"6","ahdc1",,,,,
"7","aire",,327,,"AIRE","Aire"
"8","akap8l",,,,,
"9","akna",,,,,
"10","alx1","Alx1",5075,"ALX1","ALX1","Alx1"
"11","alx3","ALX3",4737,"TPRXL","ALX3","Alx3"
"12","alx4a","Alx4",7229,"ALX4","ALX4","Alx4"
"13","alx4b","Alx4",,,,
"14","ankzf1",,41225,"ANKZF1","ANKZF1","Ankzf1"
"15","ar",,,,,
"16","arid2",,14601,"ARID2","ARID2","Arid2"
"17","arid3a","Arid3a",124247,"ARID3A","ARID3A","Arid3a"
"18","arid3b",,,,,
"19","arid3c",,,,,
"20","arid5a",,,,,
"21","arid5b",,45872,"ARID5B","ARID5B","Arid5b"
"22","arnt",,133980,,,
"23","arnt2","ARNT2",7230,"ARNT2","ARNT2","Arnt2"
"24","arntl2",,10609,"ARNTL2","ARNTL2","Arntl2"
"25","arxa",,137883,,,
"26","ascl1a","ASCL1",31234,,"ASCL1","Ascl1"
"27","ascl1b",,,,,
"28","ascl1b.1",,,,,
"29","ash1l",,,,,
"30","atf1","Atf1",3790,"ATF1","ATF1","Atf1"
"31","atf2","ATF2",31061,"ATF2","ATF2","Atf2"
"32","atf3","ATF3",1265,"ATF3","ATF3","Atf3"
"33","atf4a","ATF4",1266,"ATF4","ATF4","Atf4"
"34","atf4b","ATF4",,,,
"35","atf6","ATF6",32015,"ATF6B","ATF6","Atf6"
"36","atf6b",,31238,,"ATF6B","Atf6b"
"37","atf7a","ATF7",4994,"ATF7","ATF7","Atf7"
"38","atf7b",,,,,
"39","atf7ip",,,,,
"40","atf7ip2",,,,,
"41","atmin",,35321,"ATMIN","ATMIN","Atmin"
"42","atoh1a","Atoh1",31297,"ATOH1","ATOH1","Atoh1"
"43","atoh1b",,,,,
"44","atoh1c",,,,,
"45","atoh7","ATOH7",32338,"ATOH7","ATOH7","Atoh7"
"46","atoh8",,,,,
"47","bach1b",,,,,
"48","bach2a",,,,,
"49","bach2b","BACH2",7240,"BACH2","BACH2","Bach2"
"50","barhl1a",,,,,
"51","barhl1b","BARHL1",81871,"BARHL1","BARHL1","Barhl1"
"52","barhl2","BARHL2",10572,,"BARHL2","Barhl2"
"53","barx1","BARX1",7241,"BARX1","BARX1","Barx1"
"54","barx2","BARX2",2715,"BARX2","BARX2","Barx2"
"55","batf","BATF",4666,"BATF","BATF","Batf"
"56","batf3","BATF3",41280,"BATF3","BATF3","Batf3"
"57","baz2a",,,,,
"58","bbx",,10634,"BBX","BBX","Bbx"
"59","bcl11aa",,11284,"BCL11A","BCL11A","Bcl11a"
"60","bcl11ba",,,,,
"61","bcl6aa","BCL6",7640,"BCL6","BCL6","Bcl6"
"62","bcl6b",,,,,
"63","bhlha15",,135618,"BRI3",,
"64","bhlha9",,,,,
"65","bhlhe22","BHLHE22",10994,,"BHLHE22","Bhlhe22"
"66","bhlhe23","BHLHE23",50956,"BHLHE23","BHLHE23","Bhlhe23"
"67","bhlhe40","BHLHE40",2722,"BHLHE40","BHLHE40","Bhlhe40"
"68","bhlhe41","BHLHE41",133780,"BHLHE41",,
"69","bnc1",,31048,"BNC1","BNC1","Bnc1"
"70","bnc2",,,,,
"71","bptf",,114397,"BPTF","BPTF","Bptf"
"72","brf2",,10127,"BRF2","BRF2","Brf2"
"73","bsx","BSX",65347,"BSX","BSX","Bsx"
"74","camta1",,,,,
"75","camta2",,,,,
"76","carf",,11689,"CARF","CARF","Carf"
"77","casp3a",,137682,,,
"78","casp3b",,,,,
"79","casp8",,7657,"CASP8","CASP8","Casp8"
"80","casp8ap2",,,,,
"81","casp8l2",,,,,
"82","casz1",,9824,"CASZ1","CASZ1","Casz1"
"83","cbx2",,7256,"CBX2","CBX2","Cbx2"
"84","cc2d1a",,,,,
"85","ccdc17",,139052,,,
"86","cdc5l",,13291,"CDC5L","CDC5L","Cdc5l"
"87","cdx1a",,138641,,,
"88","cdx1b","CDX1",135802,"CDX1",,
"89","cdx4","CDX4",137878,"CDX4",,
"90","cebpa","CEBPA",3211,"CEBPA","CEBPA","Cebpa"
"91","cebpb",,,,,
"92","cebpd","CEBPD",3808,,"CEBPD","Cebpd"
"93","cebpg","CEBPG",1368,"CEBPG","CEBPG","Cebpg"
"94","cebpz",,4210,"CEBPZ","CEBPZ","Cebpz"
"95","celf2",,4783,"CELF2","CELF2","Celf2"
"96","cenps",,66004,"CENPS","CENPS","Cenps"
"97","cenpx",,,,,
"98","chchd3a",,9851,"CHCHD3","CHCHD3","Chchd3"
"99","clocka","CLOCK",3603,"CLOCK","CLOCK","Clock"
"100","creb1a","CREB1",3223,"CREB1","CREB1","Creb1"
"101","creb1b",,,,,
"102","creb3l1","CREB3L1",8058,"CREB3L1","CREB3L1","Creb3l1"
"103","creb3l2","Creb3l2",18690,"CREB3L2","CREB3L2","Creb3l2"
"104","creb3l3a",,13080,"CREB3L3","CREB3L3","Creb3l3"
"105","creb3l3b",,,,,
"106","creb3l3l","CREB3",31375,"CREB3L4","CREB3","Creb3"
"107","creb3l4","CREB3L4",12693,,"CREB3L4","Creb3l4"
"108","creb5a",,,,,
"109","creb5b","Creb5",18215,"CREB5","CREB5","Creb5"
"110","crebl2",,1003,"CREBL2","CREBL2","Crebl2"
"111","crebzf",,140655,,,
"112","crema","CREM",84591,"CREM","CREM","Crem"
"113","crx",,131157,"LOC395160",,
"114","csrnp1a",,,,,
"115","csrnp2",,32743,"CSRNP2","CSRNP2","Csrnp2"
"116","csrnp3",,11803,"CSRNP3","CSRNP3","Csrnp3"
"117","ctcf","CTCF",4786,"CTCF","CTCF","Ctcf"
"118","cux1a","CUX1",22551,"CUX1","CUX1",
"119","cux1b",,133799,,,
"120","cux2b","CUX2",22426,"CUX2","CUX2","Cux2"
"121","cxxc1b",,,,,
"122","cxxc4",,11878,,"CXXC4","Cxxc4"
"123","cxxc5a",,9517,"CXXC5","CXXC5","Cxxc5"
"124","dbx2",,,,,
"125","ddit3",,,,,
"126","deaf1",,9647,"DEAF1","DEAF1","Deaf1"
"127","disp1",,14133,"DISP1","DISP1","Disp1"
"128","dlx1a","Dlx1",22558,"DLX1","DLX1","Dlx1"
"129","dlx2a","Dlx2",3244,,"DLX2","Dlx2"
"130","dlx2b","Dlx2",,,,
"131","dlx3b","Dlx3",74544,"DLX3","DLX3","Dlx3"
"132","dlx5a","DLX5",3825,"DLX5","DLX5","Dlx5"
"133","dlx6a","DLX6",87855,"DLX6","DLX6","Dlx6"
"134","dmbx1a",,136404,,,
"135","dmbx1b","Dmbx1",15639,"DMBX1","DMBX1","Dmbx1"
"136","dmrt1","Dmrt1",9280,,"DMRT1","Dmrt1"
"137","dmrt2a",,17111,"DMRT2","DMRT2","Dmrt2"
"138","dmrt3a","DMRT3",10935,"DMRT3","DMRT3","Dmrt3"
"139","dmrta2","DMRTA2",100682,,"DMRTA2","Dmrta2"
"140","dmtf1",,8017,"DMTF1","DMTF1","Dmtf1"
"141","dnmt1",,124071,"DNMT1","DNMT1","Dnmt1"
"142","dot1l",,32779,"DOT1L","DOT1L","Dot1l"
"143","dpf1",,,,,
"144","dpf3",,129842,"DPF3","DPF3","Dpf3"
"145","dr1",,38809,"DR1","DR1","Dr1"
"146","drap1",,4703,,"DRAP1","Drap1"
"147","drgx","DRGX",17101,"DRGX","DRGX",
"148","dusp3a",,20870,"DUSP3","DUSP3","Dusp3"
"149","dusp3b",,,,,
"150","dusp8a",,31239,"DUSP8","DUSP8","Dusp8"
"151","dzip1",,45708,"DZIP1","DZIP1","Dzip1"
"152","e2f1","E2F1",3828,"E2F1","E2F1","E2f1"
"153","e2f2","E2F2",48264,,"E2F2","E2f2"
"154","e2f3","E2F3",74413,"E2F3","E2F3","E2f3"
"155","e2f4","E2F4",1471,"E2F4","E2F4","E2f4"
"156","e2f5",,1472,"E2F5","E2F5","E2f5"
"157","e2f6","E2F6",1473,"E2F6","E2F6","E2f6"
"158","e2f7","E2F7",18685,"E2F7","E2F7","E2f7"
"159","e2f8","E2F8",11654,"E2F8","E2F8","E2f8"
"160","e4f1",,3259,"E4F1","E4F1","E4f1"
"161","ebf1a","EBF1",7297,"EBF1","EBF1","Ebf1"
"162","ebf1b",,,,,
"163","ebf2","Ebf2",56471,"EBF2","EBF2","Ebf2"
"164","ebf3a","EBF3",56472,,"EBF3","Ebf3"
"165","ebf3a.1",,,,,
"166","ebf3b",,,,,
"167","ebf4",,,,,
"168","eea1",,37822,"EEA1","EEA1","Eea1"
"169","egr1","EGR1",56394,"EGR1","EGR1","Egr1"
"170","egr2a",,,,,
"171","egr2b","EGR2",20123,,"EGR2","Egr2"
"172","egr3","EGR3",37923,,"EGR3","Egr3"
"173","egr4",,117685,,,
"174","ehf","EHF",7301,"EHF","EHF","Ehf"
"175","elf1","ELF1",7303,"ELF1","ELF1","Elf1"
"176","elf2a",,,,,
"177","elf2b","ELF2",5006,"ELF2","ELF2","Elf2"
"178","elf3","ELF3",3265,"ELF3","ELF3","Elf3"
"179","elk1",,,,,
"180","elk3","ELK3",3833,"ELK3","ELK3","Elk3"
"181","elk4","ELK4",1492,"ELK4","ELK4","Elk4"
"182","emx1","EMX1",55799,"EMX1","EMX1","Emx1"
"183","emx2","EMX2",3023,"EMX2","EMX2","Emx2"
"184","en1a",,,,,
"185","en1b","EN1",50663,,"EN1","En1"
"186","en2a","EN2",55579,"EN2","EN2","En2"
"187","en2b","EN2",,,,
"188","eomesa","EOMES",3971,"EOMES","EOMES","Eomes"
"189","epas1b",,1095,"EPAS1","EPAS1","Epas1"
"190","erf","ERF",68516,,"ERF","Erf"
"191","erfl3","ERF",,,,
"192","erg","ERG",15848,"ERG","ERG","Erg"
"193","esr1","ESR1",47906,"ESR1","ESR1","Esr1"
"194","esr2a","ESR2",1100,"ESR2","ESR2","Esr2"
"195","esr2b","ESR2",,,,
"196","esrra",,20941,,,"Esrra"
"197","esrrb",,,,,
"198","esrrga","Esrrg",55581,"ESRRG","ESRRG","Esrrg"
"199","ets1","ETS1",3837,"ETS1","ETS1","Ets1"
"200","ets2","ETS2",3838,"ETS2","ETS2","Ets2"
"201","etv1","ETV1",3636,"ETV1","ETV1","Etv1"
"202","etv2",,,,,
"203","etv4","ETV4",1504,,"ETV4","Etv4"
"204","etv5a","ETV5",3276,"ETV5","ETV5","Etv5"
"205","etv5b",,,,,
"206","etv6","ETV6",37560,"ETV6","ETV6","Etv6"
"207","etv7",,56746,"ETV7","ETV7",
"208","evx1","EVX1",1507,"EVX1","EVX1","Evx1"
"209","evx2","EVX2",74879,"EVX2","EVX2","Evx2"
"210","fam49a",,12657,"FAM49A","CYRIA","Cyria"
"211","fen1",,3034,"FEN1","FEN1","Fen1"
"212","ferd3l",,,,,
"213","fev","FEV",9706,"FEV","FEV","Fev"
"214","fezf1",,19252,"FEZF1","FEZF1","Fezf1"
"215","fezf2",,9957,"FEZF2","FEZF2","Fezf2"
"216","figla",,131284,,,
"217","fli1","FLI1",55624,"FLI1","FLI1","Fli1"
"218","fli1a",,,,,
"219","fosab","FOS",3844,"FOS","FOS","Fos"
"220","fosb",,31403,,"FOSB","Fosb"
"221","fosl1a","FOSL1",3967,,"FOSL1","Fosl1"
"222","fosl1b",,132105,,,
"223","fosl2","FOSL2",3845,"FOSL2","FOSL2","Fosl2"
"224","foxa1","FOXA1",3307,,"FOXA1","Foxa1"
"225","foxa2","FOXA2",7762,"FOXA2","FOXA2","Foxa2"
"226","foxa3","FOXA3",3308,,"FOXA3","Foxa3"
"227","foxb1a","FOXB1",8138,"FOXB1","FOXB1","Foxb1"
"228","foxb1b",,,,,
"229","foxb2",,32028,"FOXB2","FOXB2",
"230","foxc1a","FOXC1",20373,,"FOXC1","Foxc1"
"231","foxc1b","FOXC1",137889,"FOXC1",,
"232","foxd1",,133996,,,
"233","foxd2",,137881,,,
"234","foxd3",,49239,,"FOXD3","Foxd3"
"235","foxe1","FOXE1",3291,"FOXE1","FOXE1","Foxe1"
"236","foxe3",,135669,,,
"237","foxf1","Foxf1",1114,"FOXF1","FOXF1","Foxf1"
"238","foxf2a","FOXF2",1115,"FOXF2","FOXF2","Foxf2"
"239","foxf2b",,137823,,,
"240","foxg1a","FOXG1",3843,,"FOXG1","Foxg1"
"241","foxg1b",,124313,,,
"242","foxg1c",,,,,
"243","foxg1d",,,,,
"244","foxh1",,134241,,,
"245","foxi1",,134215,,,
"246","foxi2",,,,,
"247","foxi3a","FOXI1",8140,"FOXI1","FOXI1","Foxi1"
"248","foxi3b","FOXI1",,,,
"249","foxj1a",,1117,"FOXJ1","FOXJ1","Foxj1"
"250","foxj2",,,,,
"251","foxj3","Foxj3",35243,,"FOXJ3","Foxj3"
"252","foxk1","FOXK1",82414,"FOXK1","FOXK1","Foxk1"
"253","foxk2",,,,,
"254","foxk2b","FOXK2",18748,"LOC427798","FOXK2","Foxk2"
"255","foxl1",,138508,,,
"256","foxl2a",,134105,"FOXL2",,
"257","foxl2b","Foxl2",74992,,"FOXL2","Foxl2"
"258","foxm1",,7318,"FOXM1","FOXM1","Foxm1"
"259","foxn1","Foxn1",2664,"FOXN1","FOXN1","Foxn1"
"260","foxn3","FOXN3",3809,"FOXN3","FOXN3",
"261","foxn4",,17526,"FOXN4","FOXN4","Foxn4"
"262","foxo1a","Foxo1",1527,"FOXO1","FOXO1","Foxo1"
"263","foxo1b","Foxo1",,,,
"264","foxo3a",,,,,
"265","foxo3b","FOXO3",31039,"FOXO3","FOXO3","Foxo3"
"266","foxo4","FOXO4",4342,"FOXO4","FOXO4","Foxo4"
"267","foxo6a","FOXO6",82395,"FOXO6","FOXO6","Foxo6"
"268","foxo6b","FOXO6",,,,
"269","foxp1a",,,,,
"270","foxp1b","FOXP1",13092,"FOXP1",,"Foxp1"
"271","foxp2","FOXP2",134404,"FOXP2",,"Foxp2"
"272","foxp3a",,,,,
"273","foxp4",,12536,"FOXP4","FOXP4","Foxp4"
"274","foxq1b",,,,,
"275","foxr1",,134686,,,
"276","gabpa","GABPA",1543,"GABPA","GABPA","Gabpa"
"277","gata1a","GATA1",1549,,"GATA1","Gata1"
"278","gata1b",,,,,
"279","gata2a","GATA2",32030,"GATA2","GATA2","Gata2"
"280","gata2b",,,,,
"281","gata3","GATA3",1550,"GATA3","GATA3","Gata3"
"282","gata4","GATA4",1551,"GATA4","GATA4","Gata4"
"283","gata5","GATA5",32031,"GATA5","GATA5","Gata5"
"284","gata6","GATA6",68449,,"GATA6","Gata6"
"285","gatad2ab",,9766,"GATAD2A","GATAD2A","Gatad2a"
"286","gatad2b",,32484,"GATAD2B","GATAD2B","Gatad2b"
"287","gbx1","GBX1",41063,"GBX1","GBX1","Gbx1"
"288","gbx2","GBX2",1138,"GBX1","GBX2","Gbx2"
"289","gcm2","GCM2",3490,"GCM2","GCM2","Gcm2"
"290","gfi1aa",,,,,
"291","gfi1ab","GFI1",3854,"GFI1","GFI1","Gfi1"
"292","gfi1b","Gfi1b",31223,"GFI1B","GFI1B","Gfi1b"
"293","gli1",,138448,"GLI1",,
"294","gli2a","GLI2",12725,"GLI2","GLI2","Gli2"
"295","gli2b",,,,,
"296","gli3","GLI3",139,"GLI3","GLI3","Gli3"
"297","glis3","GLIS3",34989,"GLIS3","GLIS3","Glis3"
"298","glmp",,10562,"GLMP","GLMP","Glmp"
"299","glyr1",,12525,"GLYR1","GLYR1","Glyr1"
"300","gmeb1","Gmeb1",10647,"GMEB1","GMEB1","Gmeb1"
"301","gmeb2","GMEB2",8228,"GMEB2","GMEB2","Gmeb2"
"302","gpbp1l1",,84840,"GPBP1L1","GPBP1L1","Gpbp1l1"
"303","grhl1","GRHL1",32219,"GRHL1","GRHL1","Grhl1"
"304","grhl2a",,,,,
"305","grhl2b","GRHL2",32616,"GRHL2","GRHL2","Grhl2"
"306","grhl3",,18864,"GRHL3","GRHL3","Grhl3"
"307","gsc","GSC",7744,"GSC","GSC","Gsc"
"308","gsx1","GSX1",17092,,"GSX1","Gsx1"
"309","gsx2","GSX2",15377,"GSX2","GSX2","Gsx2"
"310","gtf2b",,1158,"GTF2B","GTF2B","Gtf2b"
"311","gtf2ird1",,4158,"GTF2IRD1","GTF2IRD1","Gtf2ird1"
"312","gzf1",,,,,
"313","hand2","HAND2",32092,,"HAND2","Hand2"
"314","hbp1",,8171,"HBP1","HBP1","Hbp1"
"315","hdx",,16963,"HDX","HDX","Hdx"
"316","helt",,18357,"HELT","HELT","Helt"
"317","her1",,,,,
"318","her13","HES6",23111,,"HES6","Hes6"
"319","her4.1","HES5",7755,"HES5","HES5","Hes5"
"320","her4.2","HES5",,,,
"321","her4.3","HES5",,,,
"322","her4.4","HES5",,,,
"323","her4.5","HES5",,,,
"324","her6","HES1",38067,,"HES1","Hes1"
"325","her8.2",,135636,,,
"326","her8a","HES6",131293,"HES6",,
"327","hes2.1","HES2",22455,,"HES2","Hes2"
"328","hes6","HES6",,,,
"329","hesx1","HESX1",20831,"HESX1","HESX1","Hesx1"
"330","hey1","HEY1",7756,"HEY1","HEY1","Hey1"
"331","hey2","HEY2",22705,"HEY2","HEY2","Hey2"
"332","heyl",,8494,"HEYL","HEYL","Heyl"
"333","hhex",,31110,"HHEX","HHEX","Hhex"
"334","hic1","Hic1",4740,"HIC1","HIC1","Hic1"
"335","hic2",,,,,
"336","hif1ab","HIF1A",1171,"HIF1A","HIF1A","Hif1a"
"337","hif1al",,9646,,"HIF3A","Hif3a"
"338","hinfp","HINFP",9174,"HINFP","HINFP","Hinfp"
"339","hivep1",,1596,"HIVEP1","HIVEP1","Hivep1"
"340","hivep2a",,4900,"HIVEP2","HIVEP2","Hivep2"
"341","hivep3a",,,,,
"342","hlfa","HLF",31074,"HLF","HLF","Hlf"
"343","hmbox1a","HMBOX1",11589,"HMBOX1","HMBOX1","Hmbox1"
"344","hmbox1b","HMBOX1",,,,
"345","hmg20a",,32399,"HMG20A","HMG20A","Hmg20a"
"346","hmg20b",,74949,"HMG20B","HMG20B","Hmg20b"
"347","hmga1a",,,,,
"348","hmga2",,2602,,,"Hmga2"
"349","hmgn3",,130417,"HMGN2P46","HMGN3",
"350","hmx1",,136029,"HMX1",,
"351","hmx2","Hmx2",24625,"HMX2","HMX2","Hmx2"
"352","hmx3a","Hmx3",40612,"HMX3","HMX3","Hmx3"
"353","hmx3b",,,,,
"354","hnf1a","HNF1A",459,"HNF1A","HNF1A","Hnf1a"
"355","hnf1ba","HNF1B",396,"HNF1B","HNF1B","Hnf1b"
"356","hnf1bb",,,,,
"357","hnf4a","HNF4A",395,"HNF4A","HNF4A","Hnf4a"
"358","hnf4b",,,,,
"359","hnf4g","HNF4G",37886,"HNF4G","HNF4G","Hnf4g"
"360","homeza",,,,,
"361","hoxa10b","HOXA10",7365,"HOXA10","HOXA10","Hoxa10"
"362","hoxa11a",,,,,
"363","hoxa11b","Hoxa11",4033,"HOXA11","HOXA11","Hoxa11"
"364","hoxa13a",,,,,
"365","hoxa13b","HOXA13",73882,"HOX1J","HOXA13","Hoxa13"
"366","hoxa1a","HOXA1",4032,"HOXA1","HOXA1","Hoxa1"
"367","hoxa2b","HOXA2",4901,"HOXA2","HOXA2","Hoxa2"
"368","hoxa3a",,40725,"HOXA3","HOXA3","Hoxa3"
"369","hoxa5a","HOXA5",40726,"HOX1","HOXA5","Hoxa5"
"370","hoxb13a","HOXB13",4640,"HOXB13","HOXB13","Hoxb13"
"371","hoxb1a",,1615,"HOXB1","HOXB1","Hoxb1"
"372","hoxb1b",,,,,
"373","hoxb2a","HOXB2",37584,"HOXB2","HOXB2","Hoxb2"
"374","hoxb3a","HOXB3",1617,"HOXB3","HOXB3","Hoxb3"
"375","hoxb4a","HOXB4",32095,"HOXB4","HOXB4","Hoxb4"
"376","hoxb5a",,137877,,,
"377","hoxb5b",,,,,
"378","hoxb6a","HOXB6",7366,"HOXB6","HOXB6","Hoxb6"
"379","hoxb6b","HOXB6",,,,
"380","hoxb7a","HOXB7",55828,"HOXB7","HOXB7","Hoxb7"
"381","hoxb8a","HOXB8",7768,"HOXB8","HOXB8","Hoxb8"
"382","hoxb8b",,,,,
"383","hoxb9a","HOXB9",7367,"HOXB9","HOXB9","Hoxb9"
"384","hoxc10a","HOXC10",9680,"HOXC10","HOXC10","Hoxc10"
"385","hoxc11a","HOXC11",130362,"HOXC11","HOXC11","Hoxc11"
"386","hoxc11b",,,,,
"387","hoxc12a","HOXC12",7769,"HOXC12","HOXC12","Hoxc12"
"388","hoxc12b",,,,,
"389","hoxc13a","HOXC13",7770,,"HOXC13","Hoxc13"
"390","hoxc13b",,,,,
"391","hoxc4a","HOXC4",8408,,"HOXC4","Hoxc4"
"392","hoxc5a",,41296,,"HOXC5","Hoxc5"
"393","hoxc6a",,19533,"HOXC6","HOXC6","Hoxc6"
"394","hoxc8a","HOXC8",130642,"HOXC8","HOXC8","Hoxc8"
"395","hoxc9a","HOXC9",130558,"HOXC9","HOXC9","Hoxc9"
"396","hoxd10a","HOXD10",1619,"HOXD10","HOXD10","Hoxd10"
"397","hoxd11a","HOXD11",7368,"HOXD11","HOXD11","Hoxd11"
"398","hoxd12a","HOXD12",7369,"HOXD12","HOXD12","Hoxd12"
"399","hoxd13a",,,,,
"400","hoxd3a","HOXD3",5034,"HOXD3","HOXD3","Hoxd3"
"401","hoxd4a","HOXD4",7773,"HOXD4","HOXD4","Hoxd4"
"402","hoxd9a","HOXD9",8409,"HOXD9","HOXD9","Hoxd9"
"403","hsf1","HSF1",74556,,"HSF1","Hsf1"
"404","hsf2","HSF2",37931,"HSF2","HSF2","Hsf2"
"405","hsf4","HSF4",134122,"HSF4",,
"406","hsf5",,,,,
"407","ikzf1","IKZF1",55948,"IKZF1","IKZF1","Ikzf1"
"408","ikzf2",,22659,"IKZF2","IKZF2","Ikzf2"
"409","ikzf4",,69103,"IKZF4","IKZF4","Ikzf4"
"410","ikzf5",,23363,"IKZF5","IKZF5","Ikzf5"
"411","insm1a","INSM1",31080,,"INSM1","Insm1"
"412","insm1b","INSM1",,,,
"413","insm2",,10651,,"INSM2","Insm2"
"414","irf10","IRF9",100082,"IRF9",,
"415","irf1a",,,,,
"416","irf1b","IRF1",1658,"IRF1","IRF1","Irf1"
"417","irf2","IRF2",1659,"IRF2","IRF2","Irf2"
"418","irf3","IRF3",1208,,"IRF3","Irf3"
"419","irf4a","IRF4",1842,"IRF4","IRF4","Irf4"
"420","irf4b",,,,,
"421","irf5",,,,,
"422","irf6","IRF6",4479,"IRF6","IRF6","Irf6"
"423","irf7","IRF7",128624,"IRF7","IRF7","Irf7"
"424","irf8","IRF8",1629,"IRF8","IRF8","Irf8"
"425","irf9","IRF9",4436,,"IRF9","Irf9"
"426","irx3a",,133717,,,
"427","isl1",,,,,
"428","isl1a","Isl1",1661,"ISL1","ISL1","Isl1"
"429","isl1l",,,,,
"430","isl2a","ISL2",10730,,"ISL2","Isl2"
"431","isl2b",,136293,,,
"432","jdp2a","JDP2",12787,"JDP2","JDP2","Jdp2"
"433","jdp2b",,,,,
"434","jun","JUN",1679,"JUN","JUN","Jun"
"435","junba",,138638,,,
"436","jund","JUND",3910,,"JUND","Jund"
"437","kat7b",,5134,"KAT7","KAT7","Kat7"
"438","kcmf1",,99845,"KCMF1","KCMF1","Kcmf1"
"439","kcnip3b",,,,,
"440","kin",,8196,"KIN","KIN","Kin"
"441","klf1",,,,,
"442","klf10",,,,,
"443","klf11a","KLF11",2668,"KLF11","KLF11","Klf11"
"444","klf11b","KLF11",,,,
"445","klf12a",,,,,
"446","klf12b","Klf12",21417,"KLF12","KLF12","Klf12"
"447","klf13","KLF13",32288,"KLF13","KLF13","Klf13"
"448","klf15","KLF15",8553,"KLF15","KLF15","Klf15"
"449","klf17",,134733,"LOC424577",,
"450","klf2a","KLF2",134229,"KLF2",,
"451","klf2b","KLF2",,,,
"452","klf3",,,,,
"453","klf4","KLF4",3123,"KLF4","KLF4","Klf4"
"454","klf5a","KLF5",37520,"KLF5","KLF5","Klf5"
"455","klf5b",,,,,
"456","klf5l",,128741,"LOC430697",,
"457","klf6a","KLF6",996,"KLF6","KLF6","Klf6"
"458","klf6b",,,,,
"459","klf7a",,2751,"KLF7","KLF7","Klf7"
"460","klf8",,68549,,"KLF8","Klf8"
"461","klf9",,,,,
"462","kmt2a",,,,,
"463","kremen1",,12935,"KREMEN1","KREMEN1","Kremen1"
"464","l3mbtl1",,41846,"L3MBTL1","L3MBTL1","L3mbtl1"
"465","l3mbtl3",,,,,
"466","l3mbtl4",,,,,
"467","lbx1a","LBX1",4784,,"LBX1","Lbx1"
"468","lbx1b",,,,,
"469","lbx2","LBX2",100686,"LBX2",,
"470","lcor",,18153,"LCOR","LCOR","Lcor"
"471","lcorl",,82325,"LCORL","LCORL","Lcorl"
"472","lef1","LEF1",7813,"LEF1","LEF1","Lef1"
"473","lhx1a","LHX1",4068,"LHX1","LHX1","Lhx1"
"474","lhx1b",,,,,
"475","lhx2a",,,,,
"476","lhx2b","LHX2",55848,"LHX2","LHX2","Lhx2"
"477","lhx3","Lhx3",7814,"LHX3","LHX3","Lhx3"
"478","lhx4","Lhx4",56497,"LHX4","LHX4","Lhx4"
"479","lhx5","LHX5",40621,"LHX5","LHX5","Lhx5"
"480","lhx6",,,,,
"481","lhx6a","LHX6",7401,"LHX6","LHX6","Lhx6"
"482","lhx8a","Lhx8",62661,"LHX8","LHX8","Lhx8"
"483","lhx8b",,,,,
"484","lhx9","LHX9",7816,"LHX9","LHX9","Lhx9"
"485","lin28a",,,,,
"486","lin28b",,,,,
"487","lin54",,18212,"LIN54","LIN54","Lin54"
"488","lmx1a",,,,,
"489","lmx1bb","LMX1B",55648,"LMX1B","LMX1B","Lmx1b"
"490","LOC100148700","MAZ",106451,,"MAZ","Maz"
"491","LOC100332016","SOX8",7950,"SOX8","SOX8","Sox8"
"492","LOC100333298","Hmx1",49241,,"HMX1","Hmx1"
"493","LOC100333406","GLIS1",77390,"GLIS1","GLIS1","Glis1"
"494","LOC100534796","NR3C2",121495,"NR3C2","NR3C2","Nr3c2"
"495","LOC100535158","FOXB1",,,,
"496","LOC100535338","TGIF2",32514,,"TGIF2","Tgif2"
"497","LOC100535497","TWIST1",402,"TWIST1","TWIST1","Twist1"
"498","LOC100536256","PKNOX1",3363,"PKNOX1","PKNOX1","Pknox1"
"499","LOC100536427","ZNF384",15849,"ZNF384","ZNF384","Zfp384"
"500","LOC100536435","GMEB2",,,,
"501","LOC100537467","TEAD1",2418,"TEAD1","TEAD1","Tead1"
"502","LOC100537519","SP2",2340,"SP2","SP2","Sp2"
"503","LOC100538179","RFX7",11275,"RFX7","RFX7","Rfx7"
"504","LOC101882085","ZBED1",123965,"ZBED1","ZBED1",
"505","LOC101882187","MLXIPL",32507,,"MLXIPL","Mlxipl"
"506","LOC101883250","FOXO6",,,,
"507","LOC101884285","ZBED1",,,,
"508","LOC101885810","GSC2",3884,"GSC2","GSC2","Gsc2"
"509","LOC101885818","PHOX2B",68371,"PHOX2B","PHOX2B","Phox2b"
"510","LOC563292","Zfx",2561,"ZFX","ZFX","Zfx"
"511","LOC568488","GLIS2",12821,,"GLIS2","Glis2"
"512","lyl1",,4078,,"LYL1","Lyl1"
"513","mafa","MAF",134691,"MAF",,
"514","mafaa","MAFA",65867,"MAFA","MAFA","Mafa"
"515","mafb",,,,,
"516","maff",,,,,
"517","mafga","MAFG",81816,"MAFG","MAFG","Mafg"
"518","mafgb","MAFG",,,,
"519","mafk","MAFK",1770,"MAFK","MAFK","Mafk"
"520","max","MAX",1786,"MAX","MAX","Max"
"521","mazb","MAZ",,,,
"522","mbd1b",,,,,
"523","mbd2",,2918,"MBD2","MBD2","Mbd2"
"524","mbd4",,138605,"MBD4",,
"525","mbd6",,,,,
"526","mbnl2",,76766,"MBNL2","MBNL2","Mbnl2"
"527","mecom","Mecom",21086,"MECOM","MECOM","Mecom"
"528","mecp2",,3657,,"MECP2","Mecp2"
"529","mef2aa","MEF2A",4080,"MEF2A","MEF2A","Mef2a"
"530","mef2ab",,,,,
"531","mef2b","MEF2B",48381,"MEF2B","MEF2B","Mef2b"
"532","mef2ca",,,,,
"533","mef2cb","MEF2C",31087,"MEF2C","MEF2C","Mef2c"
"534","mef2d","MEF2D",4327,"MEF2D","MEF2D","Mef2d"
"535","meis1b",,86803,,,"Meis1"
"536","meis2a","MEIS2",7846,"MEIS2","MEIS2","Meis2"
"537","meis2b",,,,,
"538","meis3",,133943,,,
"539","men1",,7418,,"MEN1","Men1"
"540","meox1","MEOX1",3326,"MEOX1","MEOX1","Meox1"
"541","meox2a","MEOX2",4330,"MEOX2","MEOX2","Meox2"
"542","meox2b",,,,,
"543","mesp1",,,,,
"544","mespab",,,,,
"545","mgaa",,,,,
"546","mitfb","MITF",4892,"MITF","MITF","Mitf"
"547","mixl1",,,,,
"548","mlx","MLX",7969,"MLX","MLX","Mlx"
"549","mlxip","Mlxip",22851,"MLXIP","MLXIP","Mlxip"
"550","mlxipl",,,,,
"551","mnx1","MNX1",21137,"MNX1","MNX1","Mnx1"
"552","msantd1",,45807,"MSANTD1","MSANTD1","Msantd1"
"553","msantd4",,34935,"MSANTD4","MSANTD4","Msantd4"
"554","msc","MSC",3738,"MSC","MSC","Msc"
"555","msgn1","MSGN1",10466,"MSGN1","MSGN1","Msgn1"
"556","msx1a","MSX1",1836,"MSX1","MSX1","Msx1"
"557","msx1b","Msx3",101667,,,"Msx3"
"558","msx2a",,,,,
"559","msx2b","MSX2",1837,"MSX2","MSX2","Msx2"
"560","msx3","Msx3",,,,
"561","mterf2",,11869,"MTERF2","MTERF2","Mterf2"
"562","mterf3",,9310,"MTERF3","MTERF3","Mterf3"
"563","mtf1","MTF1",4347,"MTF1","MTF1","Mtf1"
"564","mtf2",,7207,"MTF2","MTF2","Mtf2"
"565","mxd1",,1767,"MXD1","MXD1","Mxd1"
"566","mxd3",,32333,,"MXD3","Mxd3"
"567","mxd4",,4712,"MXD4","MXD4","Mxd4"
"568","mxi1","MXI1",4351,"MXI1","MXI1","Mxi1"
"569","myb","MYB",31311,"MYB","MYB","Myb"
"570","mybl1","MYBL1",32045,"MYBL1","MYBL1","Mybl1"
"571","mybl2a",,,,,
"572","mybl2b","MYBL2",1847,"MYBL2","MYBL2","Mybl2"
"573","myca","MYC",31092,"MYC","MYC","Myc"
"574","mycb","MYC",,,,
"575","mycn","MYCN",3922,"MYCN","MYCN","Mycn"
"576","myf5","MYF5",4085,"MYF5","MYF5","Myf5"
"577","myf6","MYF6",1850,"MYF6","MYF6","Myf6"
"578","mynn",,,,,
"579","myod1","MYOD1",7857,"MYOD1","MYOD1","Myod1"
"580","myog","MYOG",1854,"MYOG","MYOG","Myog"
"581","myrf",,32167,"C5H11ORF9","MYRF","Myrf"
"582","myrfl",,88588,"MYRF","MYRFL","Myrfl"
"583","mysm1",,66204,"MYSM1","MYSM1","Mysm1"
"584","myt1a",,3332,"MYT1","MYT1","Myt1"
"585","nacc2",,,,,
"586","naif1",,45669,"NAIF1","NAIF1","Naif1"
"587","nanog",,,,,
"588","ncoa1",,,,,
"589","ncoa2",,4768,"NCOA2","NCOA2","Ncoa2"
"590","ncoa3",,4764,"NCOA3","NCOA3","Ncoa3"
"591","neurod1","NEUROD1",1871,"NEUROD1","NEUROD1","Neurod1"
"592","neurod2","NEUROD2",4489,"NEUROD2","NEUROD2","Neurod2"
"593","neurod4",,7234,"NEUROD4","NEUROD4","Neurod4"
"594","neurog1","NEUROG1",4490,"NEUROG1","NEUROG1","Neurog1"
"595","neurog3",,,,,
"596","nfat5a",,,,,
"597","nfatc1",,32336,"NFATC1","NFATC1","Nfatc1"
"598","nfatc2a","NFATC2",7861,"NFATC2","NFATC2","Nfatc2"
"599","nfatc2b",,,,,
"600","nfatc2ip",,7862,,"NFATC2IP","Nfatc2ip"
"601","nfatc3a","NFATC3",27827,"NFATC3","NFATC3","Nfatc3"
"602","nfatc3b",,,,,
"603","nfatc4","NFATC4",3349,,"NFATC4","Nfatc4"
"604","nfe2",,,,,
"605","nfe2l1a",,,,,
"606","nfe2l1b","NFE2L1",20685,"NFE2L1","NFE2L1","Nfe2l1"
"607","nfe2l2a","Nfe2l2",2412,"NFE2L2","NFE2L2","Nfe2l2"
"608","nfe2l2b",,,,,
"609","nfe2l3",,,,,
"610","nfia","NFIA",4086,"NFIA","NFIA","Nfia"
"611","nfic","NFIC",4088,"NFIC","NFIC","Nfic"
"612","nfil3","NFIL3",3928,"NFIL3","NFIL3","Nfil3"
"613","nfixa","NFIX",1872,"NFIX","NFIX","Nfix"
"614","nfkb1",,,,,
"615","nfkb2","NFKB2",1873,"NFKB2","NFKB2","Nfkb2"
"616","nfxl1",,26752,"NFXL1","NFXL1","Nfxl1"
"617","nfya","NFYA",32114,"NFYA","NFYA","Nfya"
"618","nfyal","NFYA",,,,
"619","nfyba","NFYB",38149,"NFYB","NFYB","Nfyb"
"620","nfybb","NFYB",,,,
"621","nfyc","NFYC",7440,"NFYC","NFYC","Nfyc"
"622","nhlh2","NHLH2",4090,"NHLH2","NHLH2","Nhlh2"
"623","nkrf",,84816,"NKRF","NKRF","Nkrf"
"624","nkx2.2a","NKX2-2",1879,"NKX2-2","NKX2-2","Nkx2-2"
"625","nkx2.2b",,,,,
"626","nkx2.3","NKX2-3",17061,,"NKX2-3","Nkx2-3"
"627","nkx2.5","NKX2-5",3230,"NKX2-5","NKX2-5","Nkx2-5"
"628","nkx2.9","NKX2-8",7444,"NKX2-8","NKX2-8","Nkx2-9"
"629","nkx3-1","Nkx3-1",4494,"NKX3-1","NKX3-1","Nkx3-1"
"630","nkx3-2","Nkx3-2",68168,,"NKX3-2","Nkx3-2"
"631","nkx6.1","NKX6-1",4495,,"NKX6-1","Nkx6-1"
"632","nkx6.2","NKX6-2",18580,"NKX6-2","NKX6-2","Nkx6-2"
"633","nkx6.3","NKX6-3",46375,"NKX6-3",,"Nkx6-3"
"634","nme2b.1",,128514,"NME1","NME1","Nme1"
"635","nobox",,,,,
"636","noto","NOTO",136330,"NOTO",,
"637","npas1",,1886,,"NPAS1","Npas1"
"638","npas2",,138449,"PASD1",,
"639","npas3",,8461,"NPAS3","NPAS3","Npas3"
"640","npas4a",,,,,
"641","nr0b1",,403,"NR0B1","NR0B1","Nr0b1"
"642","nr1d1","NR1D1",23324,,"NR1D1","Nr1d1"
"643","nr1d2a",,,,,
"644","nr1d2b","NR1D2",3763,"NR1D2","NR1D2","Nr1d2"
"645","nr1h3",,21165,"NR1H3","NR1H3","Nr1h3"
"646","nr1h4","NR1H4",3760,"NR1H4","NR1H4","Nr1h4"
"647","nr1i2","NR1I2",40757,,"NR1I2","Nr1i2"
"648","nr2c1","NR2C1",55731,"NR2C1","NR2C1","Nr2c1"
"649","nr2c2","NR2C2",2475,"NR2C2","NR2C2","Nr2c2"
"650","nr2e1","Nr2e1",37750,"NR2E1","NR2E1","Nr2e1"
"651","nr2e3","Nr2e3",84397,"NR2E3","NR2E3","Nr2e3"
"652","nr2f1a","NR2F1",21158,"NR2F1","NR2F1","Nr2f1"
"653","nr2f1b",,,,,
"654","nr2f2","NR2F2",7628,"NR2F2","NR2F2","Nr2f2"
"655","nr2f6a","Nr2f6",7706,,"NR2F6","Nr2f6"
"656","nr2f6b","Nr2f6",,,,
"657","nr3c1","NR3C1",30960,"NR3C1","NR3C1","Nr3c1"
"658","nr3c2","NR3C2",,,,
"659","nr4a1","NR4A1",1612,,"NR4A1","Nr4a1"
"660","nr4a2a","NR4A2",4509,"NR4A2","NR4A2","Nr4a2"
"661","nr4a2b",,,,,
"662","nr4a3",,5074,"NR4A3","NR4A3","Nr4a3"
"663","nr5a2","Nr5a2",20827,"NR5A2","NR5A2","Nr5a2"
"664","nr6a1a","NR6A1",36308,"NR6A1","NR6A1","Nr6a1"
"665","nr6a1a.1",,,,,
"666","nr6a1b",,,,,
"667","nrf1","NRF1",3674,"NRF1","NRF1","Nrf1"
"668","nrl","NRL",4501,,"NRL","Nrl"
"669","olig1","OLIG1",9667,,"OLIG1","Olig1"
"670","olig2","OLIG2",4241,"OLIG2","OLIG2","Olig2"
"671","olig3","OLIG3",14201,"OLIG3","OLIG3","Olig3"
"672","onecut1","ONECUT1",3309,,"ONECUT1","Onecut1"
"673","onecut2","ONECUT2",113592,"ONECUT2","ONECUT2","Onecut2"
"674","onecut3a","ONECUT3",82258,"ONECUT3",,"Onecut3"
"675","onecut3b","ONECUT3",,,,
"676","osr1","OSR1",8035,"OSR1","OSR1","Osr1"
"677","osr2","OSR2",14200,"OSR2","OSR2","Osr2"
"678","otx1","OTX1",7875,,"OTX1","Otx1"
"679","otx2a",,,,,
"680","otx2b","OTX2",11026,,"OTX2","Otx2"
"681","ovol1a","OVOL1",3354,,"OVOL1","Ovol1"
"682","ovol1b","OVOL2",10930,"OVOL3","OVOL2","Ovol2"
"683","pa2g4a",,4513,"PA2G4","PA2G4","Pa2g4"
"684","patz1",,8636,"PATZ1","PATZ1","Patz1"
"685","pax10",,,,,
"686","pax1a","PAX1",4514,"PAX1","PAX1","Pax1"
"687","pax1b","PAX1",,,,
"688","pax2a","Pax2",2968,"PAX2","PAX2","Pax2"
"689","pax2b","Pax2",,,,
"690","pax3a","PAX3",22494,"PAX3","PAX3","Pax3"
"691","pax3b",,137820,,,
"692","pax4",,,,,
"693","pax5","PAX5",56419,"PAX5","PAX5","Pax5"
"694","pax6a","PAX6",1212,"PAX6","PAX6","Pax6"
"695","pax6b",,,,,
"696","pax7a","PAX7",55665,"PAX7","PAX7","Pax7"
"697","pax7b","PAX7",,,,
"698","pax8",,2589,,"PAX8","Pax8"
"699","pax9","PAX9",31360,"PAX9","PAX9","Pax9"
"700","pbx1a","PBX1",20574,"PBX1","PBX1","Pbx1"
"701","pbx1b","PBX1",,,,
"702","pbx2",,,,,
"703","pbx3a","PBX3",21243,"PBX3","PBX3","Pbx3"
"704","pbx3b",,121786,,,
"705","pbx4",,,,,
"706","pcgf6",,12378,"PCGF6","PCGF6","Pcgf6"
"707","pdx1","PDX1",175,"PDX1","PDX1","Pdx1"
"708","pgr",,136298,,,
"709","phf1",,7567,,"PHF1","Phf1"
"710","phf19",,12524,"PHF19","PHF19","Phf19"
"711","phf21ab",,9597,"PHF21A","PHF21A","Phf21a"
"712","phox2a","PHOX2A",31296,,"PHOX2A","Phox2a"
"713","phox2ba",,,,,
"714","phox2bb","PHOX2B",,,,
"715","pin1",,4531,"PIN1","PIN1","Pin1"
"716","pitx1","PITX1",20584,"PITX1","PITX1","Pitx1"
"717","pitx2","PITX2",55454,"PITX2","PITX2","Pitx2"
"718","pitx3","PITX3",3689,"PITX3","PITX3","Pitx3"
"719","pknox1.1","PKNOX1",,,,
"720","pknox1.2","PKNOX1",,,,
"721","pknox2","PKNOX2",32527,"PKNOX2","PKNOX2","Pknox2"
"722","plag1","PLAG1",1993,"PLAG1","PLAG1","Plag1"
"723","plagl2","PLAGL2",1994,"PLAGL2","PLAGL2","Plagl2"
"724","pou1f1","POU1F1",259,"POU1F1","POU1F1","Pou1f1"
"725","pou2f1b","POU2F1",37658,"POU2F1","POU2F1","Pou2f1"
"726","pou2f2a","POU2F2",55674,,"POU2F2","Pou2f2"
"727","pou2f2a.1",,,,,
"728","pou2f3","POU2F3",7898,"CCDC160","POU2F3","Pou2f3"
"729","pou3f1","POU3F1",20590,"POU3F1",,"Pou3f1"
"730","pou3f2a","POU3F4",137882,"POU3F4",,
"731","pou3f2b","POU3F2",4095,,"POU3F2","Pou3f2"
"732","pou3f3a","POU3F3",68509,,"POU3F3","Pou3f3"
"733","pou3f3b","POU3F3",,,,
"734","pou4f1","POU4F1",21255,,"POU4F1","Pou4f1"
"735","pou4f2","POU4F2",20959,,"POU4F2","Pou4f2"
"736","pou4f3","POU4F3",2023,"POU4F1L","POU4F3","Pou4f3"
"737","pou5f3",,129824,"Pou5f3",,
"738","pou6f1","POU6F1",7703,,"POU6F1","Pou6f1"
"739","pou6f2",,,,,
"740","pparda","PPARD",4544,"PPARD","PPARD","Ppard"
"741","ppardb","PPARD",,,,
"742","pparg","PPARG",7899,"PPARG","PPARG","Pparg"
"743","prdm10",,45718,"PRDM10","PRDM10","Prdm10"
"744","prdm11",,82511,"PRDM11","PRDM11","Prdm11"
"745","prdm12a",,,,,
"746","prdm12b",,10999,"PRDM12","PRDM12","Prdm12"
"747","prdm13",,11000,,"PRDM13","Prdm13"
"748","prdm14",,11556,"PRDM14","PRDM14","Prdm14"
"749","prdm15","Prdm15",56941,"PRDM15","PRDM15","Prdm15"
"750","prdm16",,11139,"PRDM16","PRDM16","Prdm16"
"751","prdm16",,131758,,,
"752","prdm1a","PRDM1",925,"PRDM1","PRDM1","Prdm1"
"753","prdm1b",,,,,
"754","prdm2b",,40822,"PRDM2","PRDM2","Prdm2"
"755","prdm4","PRDM4",8235,"PRDM4","PRDM4","Prdm4"
"756","prdm5",,10274,"PRDM5","PRDM5","Prdm5"
"757","prdm6",,79756,"PRDM6","PRDM6","Prdm6"
"758","prdm8",,102313,"ZNF488",,
"759","prdm9",,,,,
"760","preb",,40877,"PREB","PREB","Preb"
"761","prmt3",,24255,"PRMT3","PRMT3","Prmt3"
"762","prop1",,136352,,,
"763","prox1a","PROX1",2069,"PROX1","PROX1","Prox1"
"764","prox1b",,,,,
"765","prox2",,,,,
"766","prrx1a","PRRX1",7896,"PRRX1","PRRX1","Prrx1"
"767","prrx1b","PRRX1",,,,
"768","psen1",,7186,"PSEN1","PSEN1","Psen1"
"769","psen2",,386,"PSEN2","PSEN2","Psen2"
"770","ptf1a","Ptf1a",10304,,"PTF1A","Ptf1a"
"771","puraa",,4279,"PURA","PURA","Pura"
"772","purbb",,,,,
"773","purg",,22747,"PURG","PURG","Purg"
"774","qsox1",,37690,"QSOX1","QSOX1","Qsox1"
"775","rag1",,387,"RAG1","RAG1","Rag1"
"776","raraa","RARA",20262,"RARA","RARA","Rara"
"777","rarab","RARA",,,,
"778","rarga","Rarb",68100,"RARB","RARB","Rarb"
"779","rargb","Rarg",20263,,"RARG","Rarg"
"780","rbck1",,32448,,"RBCK1","Rbck1"
"781","rbpja",,138482,,,
"782","rbpjb","RBPJ",7511,"RBPJ","RBPJ","Rbpj"
"783","rbpjl","Rbpjl",7512,"RBPJL","RBPJL","Rbpjl"
"784","rbsn",,41477,"RBSN","RBSN","Rbsn"
"785","rel",,,,,
"786","rela","RELA",32064,"RELA","RELA","Rela"
"787","relb",,,,,
"788","rest",,139138,,,
"789","rexo4",,133948,"REXO4","REXO4","Rexo4"
"790","rfx1a","RFX1",2189,,"RFX1","Rfx1"
"791","rfx1b",,,,,
"792","rfx2","RFX2",30980,"RFX2","RFX2","Rfx2"
"793","rfx3","RFX3",7917,"RFX3","RFX3","Rfx3"
"794","rfx4","RFX4",31119,"RFX4","RFX4","Rfx4"
"795","rfx5",,,,,
"796","rfx6",,18318,"RFX6","RFX6","Rfx6"
"797","rfx7a","RFX7",,,,
"798","rfx7b",,,,,
"799","rlf",,8243,"RLF","RLF","Rlf"
"800","roraa","RORA",56594,"RORA","RORA","Rora"
"801","rorb","RORB",38250,"RORB","RORB","Rorb"
"802","rorc","RORC",21051,,"RORC","Rorc"
"803","rreb1a","RREB1",2218,"RREB1","RREB1","Rreb1"
"804","rreb1b","RREB1",,,,
"805","runx1",,1331,,"RUNX1","Runx1"
"806","runx2a","RUNX2",68389,"RUNX2","RUNX2","Runx2"
"807","runx2b",,,,,
"808","runx3","RUNX3",37914,"RUNX3","RUNX3","Runx3"
"809","rx1","RAX2",114209,"RAX2",,
"810","rx2","RAX2",,,,
"811","rx3","RAX",8383,"RAX","RAX","Rax"
"812","rxraa","Rxra",2220,"RXRA","RXRA","Rxra"
"813","rxrba","RXRB",7923,,"RXRB","Rxrb"
"814","rxrbb","RXRB",,,,
"815","rxrga","RXRG",21373,"RXRG","RXRG","Rxrg"
"816","rxrgb","RXRG",,,,
"817","safb",,2229,"SAFB","SAFB","Safb"
"818","sall1a",,2230,"SALL1","SALL1","Sall1"
"819","sall2",,141259,,,
"820","sall3a",,18142,"SALL3","SALL3","Sall3"
"821","sall4",,10716,"SALL4","SALL4","Sall4"
"822","satb2",,32249,"SATB2","SATB2","Satb2"
"823","scmh1",,,,,
"824","scml4",,18262,"SCML4","SCML4","Scml4"
"825","scrt1a","SCRT1",113534,,"SCRT1","Scrt1"
"826","scrt1b","SCRT1",,,,
"827","scrt2","SCRT2",99867,"SCRT2","SCRT2","Scrt2"
"828","sebox",,138412,,,
"829","setbp1",,9192,"SETBP1","SETBP1","Setbp1"
"830","setdb2",,,,,
"831","sgsm2",,14780,"SGSM2","SGSM2","Sgsm2"
"832","shox","SHOX",55463,"SHOX","SHOX",
"833","shox2","Shox2",68535,"SHOX2","SHOX2","Shox2"
"834","si:ch211-117k10.3","KLF17",132982,"KLF17",,
"835","si:ch211-236k19.4","ZBTB26",10853,"ZBTB26","ZBTB26","Zbtb26"
"836","si:dkey-14k9.3",,,,,
"837","sim2",,3716,"SIM2","SIM2","Sim2"
"838","six1a",,,,,
"839","six1b","SIX1",4360,"SIX1","SIX1","Six1"
"840","six2a","SIX2",56518,"SIX2","SIX2","Six2"
"841","six2b",,136143,,,
"842","six3a","Six3",3947,"SIX3","SIX3","Six3"
"843","six3b",,122422,,,
"844","six5",,,,,
"845","skor2",,123979,,,
"846","slc2a4rg",,,,,
"847","smad1",,21196,"SMAD1","SMAD1","Smad1"
"848","smad3a",,,,,
"849","smad3b","SMAD3",55937,"SMAD3","SMAD3","Smad3"
"850","smad4a","Smad4",31310,,"SMAD4","Smad4"
"851","smad5","SMAD5",4313,"SMAD5","SMAD5","Smad5"
"852","smad9",,21198,"SMAD9","SMAD9","Smad9"
"853","smyd3",,41491,"SMYD3","SMYD3","Smyd3"
"854","snai2","SNAI2",31127,"SNAI2","SNAI2","Snai2"
"855","snai3","SNAI3",8500,,"SNAI3","Snai3"
"856","snapc2",,2318,,"SNAPC2","Snapc2"
"857","snapc4",,,,,
"858","snapc5",,,,,
"859","son",,,,,
"860","sox10","SOX10",5055,"SOX10","SOX10","Sox10"
"861","sox11a","Sox11",37733,"SOX11","SOX11","Sox11"
"862","sox11b",,,,,
"863","sox12",,,,,
"864","sox13",,,,,
"865","sox14","SOX14",31224,"SOX14","SOX14","Sox14"
"866","sox17",,,,,
"867","sox18","SOX18",7546,"SOX18","SOX18","Sox18"
"868","sox19a",,114218,,,
"869","sox19b",,,,,
"870","sox1a","Sox1",133765,,"SOX1","Sox1"
"871","sox1b","Sox1",,,,
"872","sox2","SOX2",68298,"SOX2","SOX2","Sox2"
"873","sox21a",,,,,
"874","sox21b","SOX21",5143,,"SOX21","Sox21"
"875","sox3","Sox3",4118,"SOX3","SOX3","Sox3"
"876","sox4a","SOX4",2338,,"SOX4","Sox4"
"877","sox4a.1",,,,,
"878","sox4b","SOX4",,,,
"879","sox5","Sox5",21378,"SOX5","SOX5","Sox5"
"880","sox6","Sox6",22631,"SOX6","SOX6","Sox6"
"881","sox7",,7949,"SOX7","SOX7","Sox7"
"882","sox8b",,,,,
"883","sox9a","SOX9",294,"SOX9","SOX9","Sox9"
"884","sox9b",,,,,
"885","sp1","SP1",8276,"SP1","SP1","Sp1"
"886","sp2","SP2",,,,
"887","sp3a","SP3",7952,"SP3","SP3","Sp3"
"888","sp3b",,,,,
"889","sp4","SP4",2341,"SP4","SP4","Sp4"
"890","sp5a",,11190,"SP5","SP5","Sp5"
"891","sp6",,19879,,"SP6","Sp6"
"892","sp7",,15607,,"SP7","Sp7"
"893","sp8a",,136645,,,
"894","sp8b","SP8",18548,"SP8","SP8","Sp8"
"895","sp9","SP9",66935,"SP9","SP9","Sp9"
"896","spdef","SPDEF",8231,"SPDEF","SPDEF","Spdef"
"897","spen",,139803,"SPEN",,
"898","spi1a",,,,,
"899","spi1b","SPI1",2346,"SPI1","SPI1","Spi1"
"900","spic","SPIC",7953,"SPIC","SPIC","Spic"
"901","srcap",,,,,
"902","srebf1","SREBF1",3079,"SREBF1","SREBF1","Srebf1"
"903","srebf2","SREBF2",20966,"SREBF2","SREBF2","Srebf2"
"904","srfa","SRF",31135,"SRF","SRF","Srf"
"905","st18",,,,,
"906","stat1a","STAT1",21428,"STAT1","STAT1","Stat1"
"907","stat1b",,,,,
"908","stat2",,,,,
"909","stat3","STAT3",7960,"STAT3","STAT3","Stat3"
"910","stat4","Stat4",20679,"STAT4","STAT4","Stat4"
"911","stat5a","Stat5b",55718,"STAT5A","STAT5B","Stat5b"
"912","stat5b","Stat5b",,,,
"913","stat6","Stat6",2373,,"STAT6","Stat6"
"914","swt1",,,,,
"915","tal1",,2400,"TAL1","TAL1","Tal1"
"916","tal2",,3954,,"TAL2","Tal2"
"917","tbp",,2404,"TBP","TBP","Tbp"
"918","tbpl1",,3577,"TBPL1","TBPL1","Tbpl1"
"919","tbpl2",,133152,"TBPL2","TBPL2","Tbpl2"
"920","tbr1a",,,,,
"921","tbr1b","TBR1",4807,"TBR1","TBR1","Tbr1"
"922","tbx1","TBX1",7966,,"TBX1","Tbx1"
"923","tbx10",,,,,
"924","tbx15","TBX15",7967,"TBX15","TBX15","Tbx15"
"925","tbx16","TBX6",100924,"TBX6",,
"926","tbx18","TBX18",11384,"TBX18","TBX18","Tbx18"
"927","tbx19","TBX19",3779,"TBX19","TBX19","Tbx19"
"928","tbx20","TBX20",32476,"TBX20","TBX20","Tbx20"
"929","tbx21",,,,,
"930","tbx22",,,,,
"931","tbx2a","TBX2",38123,"TBX2","TBX2","Tbx2"
"932","tbx2b","TBX2",,,,
"933","tbx3a","TBX3",4371,"TBX3","TBX3","Tbx3"
"934","tbx3b",,,,,
"935","tbx4","TBX4",7968,"TBX4","TBX4","Tbx4"
"936","tbx5a","TBX5",160,"TBX5","TBX5","Tbx5"
"937","tbx5b",,,,,
"938","tbx6",,,,,
"939","tbxta",,,,,
"940","tbxtb","TBXT",2393,"TBXT","TBXT","T"
"941","tcf12","Tcf12",40774,"TCF12","TCF12","Tcf12"
"942","tcf15",,37943,"TCF15","TCF15","Tcf15"
"943","tcf20",,,,,
"944","tcf21","Tcf21",2414,"TCF21","TCF21","Tcf21"
"945","tcf23",,,,,
"946","tcf24",,,,,
"947","tcf3a",,,,,
"948","tcf3b","TCF3",2408,"TCF3","TCF3","Tcf3"
"949","tcf4",,,,,
"950","tcf7","TCF7",134099,"TCF7",,
"951","tcf7l1a","TCF7L1",7563,"TCF7L1","TCF7L1","Tcf7l1"
"952","tcf7l1b","TCF7L1",,,,
"953","tcf7l2","TCF7L2",7564,"TCF7L2","TCF7L2","Tcf7l2"
"954","tead1a",,,,,
"955","tead3a",,138944,,,
"956","tead3b","TEAD3",81821,"TEAD3","TEAD3","Tead3"
"957","tead4",,,,,
"958","tefa","TEF",31140,"TEF","TEF","Tef"
"959","tefb","TEF",,,,
"960","ten1",,28494,"TEN1","TEN1","Ten1"
"961","terb1",,18330,"TERB1","TERB1","Terb1"
"962","terf1",,7570,"TERF1","TERF1","Terf1"
"963","tet1",,,,,
"964","tet2",,,,,
"965","tet3",,,,,
"966","tfap2a","TFAP2A",2421,"TFAP2A","TFAP2A","Tfap2a"
"967","tfap2b","TFAP2B",20688,"TFAP2B","TFAP2B","Tfap2b"
"968","tfap2c","TFAP2C",2423,"TFAP2C","TFAP2C","Tfap2c"
"969","tfap2d",,17700,"TFAP2D","TFAP2D","Tfap2d"
"970","tfap2e","TFAP2E",2422,"TFAP2E","TFAP2E","Tfap2e"
"971","tfap4","TFAP4",2424,"TFAP4","TFAP4","Tfap4"
"972","tfcp2","TFCP2",4134,"TFCP2","TFCP2","Tfcp2"
"973","tfcp2l1",,,,,
"974","tfdp1a","TFDP1",38276,"TFDP3","TFDP1","Tfdp1"
"975","tfdp1b",,,,,
"976","tfdp2",,4578,"TFDP2","TFDP2","Tfdp2"
"977","tfe3a","TFE3",4755,,"TFE3","Tfe3"
"978","tfe3b","TFE3",,,,
"979","tfeb","TFEB",5182,"TFEB","TFEB","Tfeb"
"980","tfec","TFEC",32148,"TFEC","TFEC","Tfec"
"981","tgif1","TGIF1",7574,"TGIF1","TGIF1","Tgif1"
"982","tgif2",,,,,
"983","thap1",,,,,
"984","thap11","THAP11",10726,,"THAP11","Thap11"
"985","thap3",,18413,,"THAP3","Thap3"
"986","thap4",,12075,"THAP4","THAP4","Thap4"
"987","thap7",,12293,"THAP8","THAP7","Thap7"
"988","thap9",,,,,
"989","thraa",,37747,"THRA","THRA","Thra"
"990","thrb","THRB",36025,"THRB","THRB","Thrb"
"991","thyn1",,8575,"THYN1","THYN1","Thyn1"
"992","tlx1",,4031,"TLX1","TLX1","Tlx1"
"993","tlx2",,,,,
"994","tlx3b",,23181,,"TLX3","Tlx3"
"995","tmf1",,133801,"TMF1","TMF1","Tmf1"
"996","toporsa",,,,,
"997","tp53","TP53",460,,"TP53","Trp53"
"998","tp63","TP63",31189,"TP63","TP63","Trp63"
"999","tp73","TP73",3960,"TP73","TP73","Trp73"
"1000","trafd1",,31399,"TRAFD1","TRAFD1","Trafd1"
"1001","trps1",,8556,"TRPS1","TRPS1","Trps1"
"1002","tsc22d1",,105425,,,
"1003","tsen15",,12002,"TSEN15","TSEN15","Tsen15"
"1004","tsen2",,41622,"TSEN2","TSEN2","Tsen2"
"1005","tshz1",,4227,"TSHZ1","TSHZ1","Tshz1"
"1006","tshz2",,35258,"TSHZ2","TSHZ2","Tshz2"
"1007","tshz3b",,10835,"TSHZ3","TSHZ3","Tshz3"
"1008","ttf1",,,,,
"1009","twist1a","TWIST1",,,,
"1010","twist1b","TWIST1",,,,
"1011","twist2","Twist2",40594,"TWIST2","TWIST2","Twist2"
"1012","ubp1",,8435,"UBP1","UBP1","Ubp1"
"1013","uncx","UNCX",56598,"UNCX","UNCX","Uncx"
"1014","uncx4.1","UNCX",,,,
"1015","usf1","USF1",31426,"USF1","USF1","Usf1"
"1016","usf1l","USF1",,,,
"1017","usf2","USF2",2527,,"USF2","Usf2"
"1018","usf3",,,,,
"1019","usp3",,4766,"USP3","USP3","Usp3"
"1020","usp30",,,,,
"1021","usp31",,44504,"USP31","USP31","Usp31"
"1022","usp32",,13066,"USP6","USP32","Usp32"
"1023","usp33",,8996,"USP33","USP33","Usp33"
"1024","usp36",,139553,,,
"1025","usp37",,10858,"USP37","USP37","Usp37"
"1026","usp38",,12367,"USP38","USP38","Usp38"
"1027","usp39",,13183,"USP39","USP39","Usp39"
"1028","usp8",,3782,"USP8","USP8","Usp8"
"1029","vax1","VAX1",7593,"VAX1","VAX1","Vax1"
"1030","vax2","VAX2",8048,,"VAX2","Vax2"
"1031","vdr",,,,,
"1032","vdra","VDR",37297,"VDR","VDR","Vdr"
"1033","vdrb","VDR",,,,
"1034","vent","VENTX",137888,"VENTX",,
"1035","vezf1a","VEZF1",5175,"VEZF1","VEZF1","Vezf1"
"1036","vezf1b","VEZF1",,,,
"1037","vsx1",,135841,,,
"1038","vsx2","VSX2",7266,"VSX2","VSX2","Vsx2"
"1039","wisp3",,,,,
"1040","wt1a","Wt1",11536,,"WT1","Wt1"
"1041","wt1b",,,,,
"1042","xbp1","XBP1",133715,"XBP1",,
"1043","xpa",,37298,"XPA","XPA","Xpa"
"1044","ybx1",,88707,,"YBX1","Ybx1"
"1045","yy1a","YY1",2556,"YY2","YY1","Yy1"
"1046","yy1b",,,,,
"1047","zbed4",,135729,"ZBED4","ZBED4",
"1048","zbtb1",,8974,"ZBTB1","ZBTB1","Zbtb1"
"1049","zbtb10",,11395,"ZBTB10","ZBTB10","Zbtb10"
"1050","zbtb11",,8678,"ZBTB11","ZBTB11","Zbtb11"
"1051","zbtb14","ZBTB14",2560,"ZBTB14","ZBTB14","Zbtb14"
"1052","zbtb16a","ZBTB32",21214,"ZBTB32","ZBTB16","Zbtb16"
"1053","zbtb16b",,,,,
"1054","zbtb17",,2575,"ZBTB17","ZBTB17","Zbtb17"
"1055","zbtb18","ZBTB18",21276,"ZBTB18","ZBTB18","Zbtb18"
"1056","zbtb20",,9226,"ZBTB20","ZBTB20","Zbtb20"
"1057","zbtb21",,10799,"ZBTB21","ZBTB21","Zbtb21"
"1058","zbtb22b",,3982,,"ZBTB22","Zbtb22"
"1059","zbtb24",,,,,
"1060","zbtb25",,5070,"ZBTB25","ZBTB25","Zbtb25"
"1061","zbtb2b",,10837,"ZBTB2","ZBTB2","Zbtb2"
"1062","zbtb3",,,,,
"1063","zbtb32",,,,,
"1064","zbtb33","ZBTB33",4931,"ZBTB33","ZBTB33","Zbtb33"
"1065","zbtb34",,19382,"ZBTB34","ZBTB34","Zbtb34"
"1066","zbtb37",,13048,"ZBTB37","ZBTB37","Zbtb37"
"1067","zbtb38",,19529,"ZBTB38","ZBTB38","Zbtb38"
"1068","zbtb39",,8890,"ZBTB39","ZBTB39","Zbtb39"
"1069","zbtb4",,,,,
"1070","zbtb40",,8912,"ZBTB40","ZBTB40","Zbtb40"
"1071","zbtb41",,27795,"ZBTB41","ZBTB41","Zbtb41"
"1072","zbtb42",,139652,"ZBTB42",,
"1073","zbtb43",,8514,"ZBTB43","ZBTB43","Zbtb43"
"1074","zbtb44",,18221,"ZBTB44","ZBTB44","Zbtb44"
"1075","zbtb46",,81908,"ZBTB46","ZBTB46","Zbtb46"
"1076","zbtb48",,3905,"ZBTB48","ZBTB48","Zbtb48"
"1077","zbtb49",,34825,"ZBTB49","ZBTB49","Zbtb49"
"1078","zbtb5",,8913,"ZBTB5","ZBTB5","Zbtb5"
"1079","zbtb7a","ZBTB7A",7820,"ZBTB7A","ZBTB7A","Zbtb7a"
"1080","zbtb7b",,,,,
"1081","zbtb7c","ZBTB7C",17070,"ZBTB7C","ZBTB7C","Zbtb7c"
"1082","zbtb8a",,12506,"ZBTB8A","ZBTB8A","Zbtb8a"
"1083","zbtb8b",,134260,,,
"1084","zc3h4",,,,,
"1085","zeb1a",,,,,
"1086","zeb1b","ZEB1",31779,"ZEB1","ZEB1","Zeb1"
"1087","zeb2a",,,,,
"1088","zfat",,16829,"ZFAT","ZFAT","Zfat"
"1089","zfhx2",,,,,
"1090","zfhx3",,21366,"ZFHX3","ZFHX3","Zfhx3"
"1091","zfhx4",,23477,"ZFHX4","ZFHX4","Zfhx4"
"1092","zfp64",,7604,"ZFP64","ZFP64","Zfp64"
"1093","zfpm1",,7606,"ZFPM1","ZFPM1","Zfpm1"
"1094","zfx","Zfx",,,,
"1095","zgc:153115",,,,,
"1096","zglp1",,,,,
"1097","zgpat",,41874,"ZGPAT","ZGPAT","Zgpat"
"1098","zhx2a",,8968,"ZHX2","ZHX2","Zhx2"
"1099","zhx3",,,,,
"1100","zic1","ZIC1",2562,"ZIC1","ZIC1","Zic1"
"1101","zic2a","Zic2",5171,"ZIC2","ZIC2","Zic2"
"1102","zic2b",,,,,
"1103","zic3","ZIC3",55742,"ZIC3","ZIC3","Zic3"
"1104","zic4","ZIC4",32075,"ZIC4","ZIC4","Zic4"
"1105","zic5",,138620,,,
"1106","zmat4b",,,,,
"1107","znf131",,12464,"ZNF131","ZNF131","Zfp131"
"1108","znf142",,3723,"ZNF142","ZNF142","Zfp142"
"1109","znf143a",,,,,
"1110","znf143b","ZNF143",56444,"ZNF143","ZNF143","Zfp143"
"1111","znf148","ZNF148",8003,"ZNF148","ZNF148","Zfp148"
"1112","znf207b",,,,,
"1113","znf217",,4757,"ZNF217","ZNF217","Zfp217"
"1114","znf219",,,,,
"1115","znf236",,,,,
"1116","znf277",,11087,"ZNF277","ZNF277","Zfp277"
"1117","znf280d",,17151,"ZNF280D","ZNF280D","Zfp280d"
"1118","znf296",,,,,
"1119","znf318",,,,,
"1120","znf319b",,,,,
"1121","znf32",,,,,
"1122","znf326",,10297,"ZNF326","ZNF326","Zfp326"
"1123","znf335",,11129,"ZNF335","ZNF335","Zfp335"
"1124","znf341","ZNF341",13127,"ZNF341","ZNF341","Zfp341"
"1125","znf346",,,,,
"1126","znf362a",,77409,"ZNF362","ZNF362","Zfp362"
"1127","znf365",,8975,"ZNF365","ZNF365","Zfp365"
"1128","znf366",,17637,"ZNF366","ZNF366","Zfp366"
"1129","znf367",,17802,"ZNF367","ZNF367","Zfp367"
"1130","znf384a","ZNF384",,,,
"1131","znf384b","ZNF384",,,,
"1132","znf384l",,,,,
"1133","znf385a",,8479,,"ZNF385A","Zfp385a"
"1134","znf385b",,17606,"ZNF385B","ZNF385B","Zfp385b"
"1135","znf385c",,,,,
"1136","znf385d",,,,,
"1137","znf407",,86402,"ZNF407","ZNF407","Zfp407"
"1138","znf408",,,,,
"1139","znf410","ZNF410",10918,"ZNF410","ZNF410","Zfp410"
"1140","znf414",,136064,"ZNF414",,
"1141","znf423",,,,,
"1142","znf438",,18695,"ZNF438","ZNF438","Zfp438"
"1143","znf451",,9188,"ZNF451","ZNF451","Zfp451"
"1144","znf462",,41430,"ZNF462","ZNF462","Zfp462"
"1145","znf503",,41888,"ZNF503","ZNF503","Zfp503"
"1146","znf507",,8942,"ZNF507","ZNF507","Zfp507"
"1147","znf511",,42950,"ZFP511","ZNF511","Zfp511"
"1148","znf512",,,,,
"1149","znf513a",,,,,
"1150","znf516",,37122,"ZNF516","ZNF516","Zfp516"
"1151","znf518a",,,,,
"1152","znf518b",,,,,
"1153","znf521",,,,,
"1154","znf526",,136106,,,
"1155","znf532",,10053,"ZNF532","ZNF532",
"1156","znf536",,8813,"ZNF536","ZNF536","Zfp536"
"1157","znf541",,,,,
"1158","znf574",,,,,
"1159","znf592",,8759,"ZNF592","ZNF592","Zfp592"
"1160","znf598",,5672,"ZNF598","ZNF598","Zfp598"
"1161","znf608",,18485,"ZNF608","ZNF608","Zfp608"
"1162","znf609b",,,,,
"1163","znf618",,18975,"ZNF618","ZNF618","Zfp618"
"1164","znf628",,,,,
"1165","znf644a",,,,,
"1166","znf646",,,,,
"1167","znf648",,,,,
"1168","znf652","ZNF652",54768,"ZNF652","ZNF652","Zfp652"
"1169","znf653",,,,,
"1170","znf654",,10114,"ZNF654","ZNF654","Zfp654"
"1171","znf668",,11667,,"ZNF668","Zfp668"
"1172","znf692",,9889,,"ZNF692","Zfp692"
"1173","znf703",,81391,"ZNF703","ZNF703","Zfp703"
"1174","znf704",,64370,"ZNF704","ZNF704","Zfp704"
"1175","znf706",,128235,"ZNF706","ZNF706","Zfp706"
"1176","znf711",,49691,"ZNF711","ZNF711","Zfp711"
"1177","znf740b",,129530,,,"Zfp740"
"1178","znf750",,36423,"ZNF750","ZNF750","Zfp750"
"1179","znf76",,2569,"ZNF76","ZNF76","Zfp523"
"1180","znf770",,,,,
"1181","znf800a",,,,,
"1182","znf804a",,,,,
"1183","znf804b",,,,,
"1184","znf827",,45622,"ZNF827","ZNF827","Zfp827"
"1185","znf831",,,,,
"1186","znf865",,,,,
"1187","zufsp",,12472,"ZUFSP","ZUP1","Zup1"
"1188","zzz3",,9182,"ZZZ3","ZZZ3","Zzz3"
